[{"id":"1010","bandeira":"ELETRO MATEUS","nome":"MERCADO INTELIGENTE LTDA","regional":"saoLuis","tipo":"varejo"},{"id":"1011","bandeira":"ELETRO MATEUS","nome":"MERCADO INTELIGENTE LTDA PULSE","regional":"saoLuis","tipo":"varejo"},{"id":"1012","bandeira":"ELETRO MATEUS","nome":"ARMAZZEM DAVINOPOLIS LTDA","regional":"saoLuis","tipo":"varejo"},{"id":"1013","bandeira":"ELETRO MATEUS","nome":"ARMAZZEM SANTA ISABEL (PA)","regional":"para","tipo":"varejo"},{"id":"1014","bandeira":"ELETRO MATEUS","nome":"ARMAZZEM VALEN","regional":"saoLuis","tipo":"varejo"},{"id":"1015","bandeira":"ELETRO MATEUS","nome":"ARMAZZEM VARANDAS GRAND PARK","regional":"saoLuis","tipo":"varejo"},{"id":"1016","bandeira":"ELETRO MATEUS","nome":"ARMAZZEM SPORTS GARDEN","regional":"saoLuis","tipo":"varejo"},{"id":"1018","bandeira":"ELETRO MATEUS","nome":"ARMAZZEM CEUMA RENASCENCA","regional":"saoLuis","tipo":"varejo"},{"id":"1019","bandeira":"ELETRO MATEUS","nome":"ARMAZZEM DEL FIORI","regional":"saoLuis","tipo":"varejo"},{"id":"1021","bandeira":"ELETRO MATEUS","nome":"ARMAZZEM PLENO RESIDENCIAL","regional":"saoLuis","tipo":"varejo"},{"id":"1022","bandeira":"ELETRO MATEUS","nome":"ARMAZZEM ILE SAINT LOUIS","regional":"saoLuis","tipo":"varejo"},{"id":"1023","bandeira":"ELETRO MATEUS","nome":"ARMAZZEM JARDIM DE PROVENCE","regional":"saoLuis","tipo":"varejo"},{"id":"1024","bandeira":"ELETRO MATEUS","nome":"ARMAZZEM JARDIM DE VENETO","regional":"saoLuis","tipo":"varejo"},{"id":"1027","bandeira":"ELETRO MATEUS","nome":"ARMAZZEM VILLAGE DEL ESTE","regional":"saoLuis","tipo":"varejo"},{"id":"1028","bandeira":"ELETRO MATEUS","nome":"ARMAZZEM GRAND PARK AGUAS","regional":"saoLuis","tipo":"varejo"},{"id":"1029","bandeira":"ELETRO MATEUS","nome":"ARMAZZEM PARK VINHAIS","regional":"saoLuis","tipo":"varejo"},{"id":"1030","bandeira":"ELETRO MATEUS","nome":"ARMAZZEM GRAN VILLAGE TURU IV LTDA","regional":"saoLuis","tipo":"varejo"},{"id":"1031","bandeira":"ELETRO MATEUS","nome":"ARMAZZEM FIT VIVARE 1 LTDA","regional":"saoLuis","tipo":"varejo"},{"id":"1032","bandeira":"ELETRO MATEUS","nome":"ARMAZZEM VIVENDAS PONTA DO FAROL","regional":"saoLuis","tipo":"varejo"},{"id":"1033","bandeira":"ELETRO MATEUS","nome":"ARMAZZEM VITE CONDOMINIUM","regional":"saoLuis","tipo":"varejo"},{"id":"1034","bandeira":"ELETRO MATEUS","nome":"ARMAZZEM JARDINS DE ANDALUZIA","regional":"saoLuis","tipo":"varejo"},{"id":"1035","bandeira":"ELETRO MATEUS","nome":"ARMAZZEM RESERVA LAGOA","regional":"saoLuis","tipo":"varejo"},{"id":"1036","bandeira":"ELETRO MATEUS","nome":"ARMAZZEM PRAIAS BELAS","regional":"saoLuis","tipo":"varejo"},{"id":"1039","bandeira":"ELETRO MATEUS","nome":"ARMAZZEM ILHAS GREGAS","regional":"saoLuis","tipo":"varejo"},{"id":"1040","bandeira":"ELETRO MATEUS","nome":"ARMAZZEM POSTO 16 MAGNOLIA","regional":"saoLuis","tipo":"varejo"},{"id":"1041","bandeira":"ELETRO MATEUS","nome":"ARMAZZEM VILLAGE DAS PALMEIRAS 3","regional":"saoLuis","tipo":"varejo"},{"id":"1042","bandeira":"ELETRO MATEUS","nome":"ARMAZZEM VILLAGE DO BOSQUE VII LTDA","regional":"saoLuis","tipo":"varejo"},{"id":"1043","bandeira":"ELETRO MATEUS","nome":"ARMAZZEM GRAND PARK ARVORES","regional":"saoLuis","tipo":"varejo"},{"id":"1044","bandeira":"ELETRO MATEUS","nome":"ARMAZZEM PARQUE DO SOL II","regional":"saoLuis","tipo":"varejo"},{"id":"1045","bandeira":"ELETRO MATEUS","nome":"ARMAZZEM FAROL DA ILHA","regional":"saoLuis","tipo":"varejo"},{"id":"1046","bandeira":"ELETRO MATEUS","nome":"ARMAZZEM ADM MATEUS","regional":"saoLuis","tipo":"varejo"},{"id":"1047","bandeira":"ELETRO MATEUS","nome":"ARMAZZEM MERCADO INTELIGENTE LTDA AMBEV","regional":"saoLuis","tipo":"varejo"},{"id":"1048","bandeira":"ELETRO MATEUS","nome":"ARMAZZEM DUNAS DO LITORAL","regional":"saoLuis","tipo":"varejo"},{"id":"1049","bandeira":"ELETRO MATEUS","nome":"ARMAZZEM LAGO VERDE I E II","regional":"saoLuis","tipo":"varejo"},{"id":"1050","bandeira":"ELETRO MATEUS","nome":"3D TOWERS","regional":"saoLuis","tipo":"varejo"},{"id":"1051","bandeira":"ELETRO MATEUS","nome":"ARMAZZEM BONAVITTA CLUB","regional":"saoLuis","tipo":"varejo"},{"id":"1052","bandeira":"ELETRO MATEUS","nome":"ARMAZZEM GRAND VILLAGE TURU V","regional":"saoLuis","tipo":"varejo"},{"id":"1053","bandeira":"ELETRO MATEUS","nome":"ARMAZZEM VIVARE TURU","regional":"saoLuis","tipo":"varejo"},{"id":"1054","bandeira":"ELETRO MATEUS","nome":"ARMAZZEM FIT VIVARE RESIDENCE 2","regional":"saoLuis","tipo":"varejo"},{"id":"1055","bandeira":"ELETRO MATEUS","nome":"ARMAZZEM BRISAS LIFE","regional":"saoLuis","tipo":"varejo"},{"id":"1056","bandeira":"MATEUS SUPERMERCADOS","nome":"ARMAZZEM JARDIM LOMBARDIA","regional":"saoLuis","tipo":"varejo"},{"id":"1057","bandeira":"ELETRO MATEUS","nome":"ARMAZZEM SOLAR DA ILHA II","regional":"saoLuis","tipo":"varejo"},{"id":"1058","bandeira":"ELETRO MATEUS","nome":"ARMAZZEM VILLAGE DOS PASSAROS 4","regional":"saoLuis","tipo":"varejo"},{"id":"1059","bandeira":"ELETRO MATEUS","nome":"ARMAZZEM GRAN PARK - PÁSSAROS","regional":"saoLuis","tipo":"varejo"},{"id":"1060","bandeira":"ELETRO MATEUS","nome":"ARMAZZEM VILLAGE DAS PALMEIRAS 2","regional":"saoLuis","tipo":"varejo"},{"id":"1062","bandeira":"ELETRO MATEUS","nome":"ARMAZZEM ALTO DOS FRANCESES","regional":"saoLuis","tipo":"varejo"},{"id":"1063","bandeira":"ELETRO MATEUS","nome":"ARMAZZEM VILLAGE DO BOSQUE 1","regional":"saoLuis","tipo":"varejo"},{"id":"1064","bandeira":"ELETRO MATEUS","nome":"ARMAZZEM VITORIA SAO LUIS","regional":"saoLuis","tipo":"varejo"},{"id":"1066","bandeira":"ELETRO MATEUS","nome":"ARMAZZEM JARDIM DE PROVENCE (PA)","regional":"saoLuis","tipo":"varejo"},{"id":"1067","bandeira":"ELETRO MATEUS","nome":"ARMAZZEM GRAN VILLAGE BRASIL 2","regional":"saoLuis","tipo":"varejo"},{"id":"1068","bandeira":"ELETRO MATEUS","nome":"ARMAZZEM SPACE CALHAU","regional":"saoLuis","tipo":"varejo"},{"id":"1069","bandeira":"ELETRO MATEUS","nome":"ARMAZZEM GRAPHOS RESIDENCE","regional":"saoLuis","tipo":"varejo"},{"id":"1070","bandeira":"ELETRO MATEUS","nome":"ARMAZZEM VALEN SUPERMERCADO","regional":"saoLuis","tipo":"varejo"},{"id":"1071","bandeira":"ELETRO MATEUS","nome":"ARMAZZEM CONDOMINIO MARIA FERNANDA","regional":"saoLuis","tipo":"varejo"},{"id":"1072","bandeira":"ELETRO MATEUS","nome":"ARMAZZEM D ITALY 3","regional":"saoLuis","tipo":"varejo"},{"id":"1074","bandeira":"ELETRO MATEUS","nome":"ARMAZZEM RESIDENCIAL TURU","regional":"saoLuis","tipo":"varejo"},{"id":"1076","bandeira":"ELETRO MATEUS","nome":"ARMAZZEM CIDADE MILAO","regional":"saoLuis","tipo":"varejo"},{"id":"1078","bandeira":"ELETRO MATEUS","nome":"ARMAZZEM PLAZA NORTE","regional":"saoLuis","tipo":"varejo"},{"id":"1079","bandeira":"ELETRO MATEUS","nome":"ARMAZZEM VILLAGE DO BOSQUE 2 LTDA","regional":"saoLuis","tipo":"varejo"},{"id":"1080","bandeira":"ELETRO MATEUS","nome":"ARMAZZEM GREEN BLUE","regional":"saoLuis","tipo":"varejo"},{"id":"1082","bandeira":"ELETRO MATEUS","nome":"ARMAZZEM BOULEVARD 1","regional":"saoLuis","tipo":"varejo"},{"id":"1083","bandeira":"ELETRO MATEUS","nome":"ARMAZZEM RIVIERA COHATRAC","regional":"saoLuis","tipo":"varejo"},{"id":"1084","bandeira":"ELETRO MATEUS","nome":"ARMAZZEM CONDOMINIO TURU","regional":"saoLuis","tipo":"varejo"},{"id":"1086","bandeira":"ELETRO MATEUS","nome":"ARMAZZEM VILLAGE DO BOSQUE 2 LTDA","regional":"saoLuis","tipo":"varejo"},{"id":"1087","bandeira":"ELETRO MATEUS","nome":"ARMAZZEM PORTAL DA CIDADE","regional":"saoLuis","tipo":"varejo"},{"id":"1088","bandeira":"ELETRO MATEUS","nome":"ARMAZZEM VENEZA RESIDENCE LTDA","regional":"saoLuis","tipo":"varejo"},{"id":"1089","bandeira":"ELETRO MATEUS","nome":"ARMAZZEM VILA CAFETEIRA","regional":"saoLuis","tipo":"varejo"},{"id":"1090","bandeira":"ELETRO MATEUS","nome":"ARMAZZEM GRAN VILLAGE BRASIL 1","regional":"saoLuis","tipo":"varejo"},{"id":"1091","bandeira":"ELETRO MATEUS","nome":"MERCADO PENINSULA","regional":"saoLuis","tipo":"varejo"},{"id":"1092","bandeira":"ELETRO MATEUS","nome":"ARMAZZEM VILLARES DO TURU LTDA","regional":"saoLuis","tipo":"varejo"},{"id":"1093","bandeira":"ELETRO MATEUS","nome":"ARMAZZEM VILLAGE DO BOSQUE 3","regional":"saoLuis","tipo":"varejo"},{"id":"1095","bandeira":"ELETRO MATEUS","nome":"ARMAZZEM MIRANTE DO LAGO (PA) LTDA","regional":"para","tipo":"varejo"},{"id":"1096","bandeira":"ELETRO MATEUS","nome":"ARMAZZEM IDEAL BR LTDA  (PA)","regional":"para","tipo":"varejo"},{"id":"1097","bandeira":"ELETRO MATEUS","nome":"ARMAZZEM MONTENEGRO BOULEVARD LTDA (PA)","regional":"para","tipo":"varejo"},{"id":"1098","bandeira":"ELETRO MATEUS","nome":"ARMAZZEM PACIFICO 3","regional":"saoLuis","tipo":"varejo"},{"id":"1099","bandeira":"MATEUS SUPERMERCADOS","nome":"ARMAZZEM ALPHAVILLE LTDA","regional":"saoLuis","tipo":"varejo"},{"id":"1100","bandeira":"ELETRO MATEUS","nome":"ARMAZZEM DAMHA ARACAGY LTDA","regional":"saoLuis","tipo":"varejo"},{"id":"1101","bandeira":"ELETRO MATEUS","nome":"ARMAZZEM MURICI 1 LTDA","regional":"saoLuis","tipo":"varejo"},{"id":"1102","bandeira":"ELETRO MATEUS","nome":"ARMAZZEM FIT LIFE LTDA","regional":"saoLuis","tipo":"varejo"},{"id":"1103","bandeira":"ELETRO MATEUS","nome":"ARMAZZEM VITRE","regional":"saoLuis","tipo":"varejo"},{"id":"1105","bandeira":"ELETRO MATEUS","nome":"ARMAZZEM BE LIFE CLUB","regional":"saoLuis","tipo":"varejo"},{"id":"1106","bandeira":"ELETRO MATEUS","nome":"ARMAZZEM BRISAS ALTO DO CALHAU","regional":"saoLuis","tipo":"varejo"},{"id":"1107","bandeira":"ELETRO MATEUS","nome":"ARMAZZEM JARDIM DE NAPOLI","regional":"saoLuis","tipo":"varejo"},{"id":"1108","bandeira":"ELETRO MATEUS","nome":"ARMAZZEM BELA VIDA 1 (PA)","regional":"para","tipo":"varejo"},{"id":"1109","bandeira":"ELETRO MATEUS","nome":"ARMAZZEM TRIVENTO (PA)","regional":"para","tipo":"varejo"},{"id":"1114","bandeira":"ELETRO MATEUS","nome":"ARMAZZEM COSTA ARACAGY","regional":"saoLuis","tipo":"varejo"},{"id":"1115","bandeira":"ELETRO MATEUS","nome":"ARMAZZEM BOA ESPERANCA","regional":"saoLuis","tipo":"varejo"},{"id":"1116","bandeira":"ELETRO MATEUS","nome":"ARMAZZEM ITAMARACA 2","regional":"saoLuis","tipo":"varejo"},{"id":"1117","bandeira":"ELETRO MATEUS","nome":"ARMAZZEM BOSQUE 4","regional":"saoLuis","tipo":"varejo"}]